{"schemaVersion":"1.0","appDefinitionTemplate":{"id":"/providers/Microsoft.PowerApps/apps/","type":"Microsoft.PowerApps/apps","tags":{"primaryDeviceWidth":"1206","primaryDeviceHeight":"768","sienaVersion":"20211024T192244Z-3.21101.26.0","deviceCapabilities":"","supportsPortrait":"true","supportsLandscape":"true","primaryFormFactor":"Tablet","publisherVersion":"3.21101.26","minimumRequiredApiVersion":"2.2.0","hasComponent":"true","hasUnlockedComponent":"true","isUnifiedRootApp":"false"},"properties":{"appVersion":"2021-10-24T19:22:44Z","lifeCycleId":"Published","createdByClientVersion":{"major":3,"minor":21101,"build":26,"revision":0,"majorRevision":0,"minorRevision":0},"minClientVersion":{"major":3,"minor":21101,"build":26,"revision":0,"majorRevision":0,"minorRevision":0},"backgroundColor":"RGBA(0,176,240,1)","backgroundImageUri":"/14175459027575285381/N613b82c7-1c85-4250-8a7c-06813b5cf0cf-logoSmallFile","displayName":"Downtime Tracking System","description":"","commitMessage":"","appUris":{"documentUri":{"value":"/14175459027575285381/N49f6f1aa-20af-4743-818e-5fa8c515f625-document.msapp"},"imageUris":[]},"createdTime":"0001-01-01T00:00:00Z","lastModifiedTime":"0001-01-01T00:00:00Z","sharedGroupsCount":0,"sharedUsersCount":0,"icons":{"smallIconUri":"/14175459027575285381/Nc9628e30-989a-47ff-83ce-8f2077ea1a37-small.png","mediumIconUri":"/14175459027575285381/Nd8a69bf6-6365-4511-bbc3-492c3d382e23-medium.png","largeIconUri":"/14175459027575285381/N19115b69-2b5f-42e6-90fe-87eb837aaa71-large.png","wideIconUri":"/14175459027575285381/N78c3eca1-3664-45c5-8c24-aabb0c189f6c-wide.png"},"connectionReferences":{"bc41ee9e-ae02-4dbe-bca2-213c91a0a5ea":{"id":"72d89f27-951c-43db-9da2-d365a9c2f9b5","displayName":"SharePoint","iconUri":"https://connectoricons-prod.azureedge.net/releases/v1.0.1518/1.0.1518.2564/sharepointonline/icon.png","dataSources":["downtime_system"],"dependencies":[],"dependents":[],"parameterHints":{},"parameterHintsV2":{},"isOnPremiseConnection":false,"bypassConsent":false,"dataSets":{"https://vitacin.sharepoint.com/":{"dataSources":{"downtime_system":{"tableName":"3cb7acea-ef14-457a-b323-08c2e76f474c"}}}},"apiTier":"Standard","isCustomApiConnection":false,"actions":["providers/PowerPlatform.Governance/Operations/Read","providers/PowerPlatform.Governance/Operations/Write"]}},"databaseReferences":{},"almMode":"Environment","performanceOptimizationEnabled":true,"canConsumeAppPass":true,"executionRestrictions":{"isTeamsOnly":false,"dataLossPreventionEvaluationResult":{"status":"Compliant","lastEvaluationDate":"2021-10-24T16:20:01.5870713Z","violations":[],"violationsByPolicy":[],"violationErrorMessage":"The app uses the following connectors: ."}}},"appType":"ClassicCanvasApp","appComponents":[]}}